{"entities":{"pages":{"Methods-of-Integration":{"id":"Methods-of-Integration","title":"Methods of Integration","url":"methods-of-integration.html","level":0,"pages":["API","ESB"],"tabIndex":0},"API":{"id":"API","title":"API","url":"api.html","level":1,"parentId":"Methods-of-Integration","pages":["Starter","Manifests","Bags","Tracking-events","Parcels"],"tabIndex":0},"Starter":{"id":"Starter","title":"Starter","url":"starter.html","level":2,"parentId":"API","tabIndex":0},"Manifests":{"id":"Manifests","title":"Manifests","url":"manifests.html","level":2,"parentId":"API","tabIndex":1},"Bags":{"id":"Bags","title":"Bags","url":"bags.html","level":2,"parentId":"API","tabIndex":2},"Tracking-events":{"id":"Tracking-events","title":"Tracking events","url":"tracking-events.html","level":2,"parentId":"API","tabIndex":3},"Parcels":{"id":"Parcels","title":"Parcels","url":"parcels.html","level":2,"parentId":"API","tabIndex":4},"ESB":{"id":"ESB","title":"ESB","url":"esb.html","level":1,"parentId":"Methods-of-Integration","pages":["Starter2","Tracking-events2","Bags2","Parcels2","Manifests2"],"tabIndex":1},"Starter2":{"id":"Starter2","title":"Starter","url":"starter2.html","level":2,"parentId":"ESB","tabIndex":0},"Tracking-events2":{"id":"Tracking-events2","title":"Tracking events","url":"tracking-events2.html","level":2,"parentId":"ESB","tabIndex":1},"Bags2":{"id":"Bags2","title":"Bags","url":"bags2.html","level":2,"parentId":"ESB","tabIndex":2},"Parcels2":{"id":"Parcels2","title":"Parcels","url":"parcels2.html","level":2,"parentId":"ESB","tabIndex":3},"Manifests2":{"id":"Manifests2","title":"Manifests","url":"manifests2.html","level":2,"parentId":"ESB","tabIndex":4}}},"topLevelIds":["Methods-of-Integration"]}